{"cameraMode":{"drawMode":0,"name":"Shaded","section":"Shading Mode"},"sceneLighting":false,"audioPlay":false,"sceneViewState":{"m_AlwaysRefresh":false,"showFog":false,"showSkybox":false,"showFlares":false,"showImageEffects":false,"showParticleSystems":false,"showVisualEffectGraphs":true,"m_FxEnabled":true},"in2DMode":false,"pivot":{"x":5.998919486999512,"y":13.914085388183594,"z":3.781980514526367},"rotation":{"x":0.02332688309252262,"y":-0.23471993207931519,"z":0.005634360946714878,"w":0.9717667102813721},"size":10.203570365905762,"orthographic":false}