{"cameraMode":{"drawMode":0,"name":"Shaded","section":"Shading Mode"},"sceneLighting":true,"audioPlay":false,"sceneViewState":{"m_AlwaysRefresh":false,"showFog":true,"showSkybox":true,"showFlares":true,"showImageEffects":true,"showParticleSystems":true,"showVisualEffectGraphs":true,"m_FxEnabled":true},"in2DMode":false,"pivot":{"x":269.01666259765627,"y":96.5609130859375,"z":-21.181598663330079},"rotation":{"x":0.665444016456604,"y":-0.019039392471313478,"z":0.016957687214016916,"w":0.7459810376167297},"size":3.051936149597168,"orthographic":true}