{"cameraMode":{"drawMode":0,"name":"Shaded","section":"Shading Mode"},"sceneLighting":true,"audioPlay":false,"sceneViewState":{"m_AlwaysRefresh":false,"showFog":true,"showSkybox":true,"showFlares":true,"showImageEffects":true,"showParticleSystems":true,"showVisualEffectGraphs":true,"m_FxEnabled":true},"in2DMode":false,"pivot":{"x":277.28717041015627,"y":93.03520202636719,"z":-11.668963432312012},"rotation":{"x":0.2536841928958893,"y":0.21710549294948579,"z":-0.058578573167324069,"w":0.9407646656036377},"size":14.421731948852539,"orthographic":true}