{"cameraMode":{"drawMode":0,"name":"Shaded","section":"Shading Mode"},"sceneLighting":false,"audioPlay":false,"sceneViewState":{"m_AlwaysRefresh":false,"showFog":true,"showSkybox":false,"showFlares":true,"showImageEffects":true,"showParticleSystems":true,"showVisualEffectGraphs":true,"m_FxEnabled":true},"in2DMode":false,"pivot":{"x":0.00022301077842712402,"y":0.8523197174072266,"z":0.012072384357452393},"rotation":{"x":-0.4209856390953064,"y":0.29560497403144839,"z":-0.14730851352214814,"w":-0.844795286655426},"size":1.6312675476074219,"orthographic":false}